{"cameraMode":{"drawMode":0,"name":"Shaded","section":"Shading Mode"},"sceneLighting":true,"audioPlay":false,"sceneViewState":{"m_AlwaysRefresh":false,"showFog":true,"showSkybox":true,"showFlares":true,"showImageEffects":true,"showParticleSystems":true,"showVisualEffectGraphs":true,"m_FxEnabled":true},"in2DMode":false,"pivot":{"x":0.18634116649627686,"y":-0.7289921045303345,"z":-0.9680967330932617},"rotation":{"x":-0.013799184001982212,"y":0.03808525204658508,"z":-0.0005258074961602688,"w":-0.9991850852966309},"size":2.0660252571105959,"orthographic":false}